utc date,score_sum,num comments_sum,score_mean,num comments_mean,afinn_score_title_sum,afinn_score_text_sum,afinn_score_title_mean,afinn_score_text_mean
2016-01-31,699564,352982,31.70181719309376,15.995921511759642,1886.0,16158.0,0.11796347260445333,1.0106329747310483
2016-02-29,743728,347294,35.88554885404101,16.757249698431846,942.0,13410.0,0.06293846462216877,0.8959711365003007
2016-03-31,859074,391767,36.26927298826311,16.54002364265811,2008.0,18933.0,0.11462495718689349,1.0807740609658636
2016-04-30,786621,365690,33.911924469736164,15.765218141058803,2599.0,18593.0,0.14935064935064934,1.0684404091483737
2016-05-31,845393,363461,35.204172566003166,15.13537936203881,2337.0,16444.0,0.12732225551620813,0.8958866793789159
2016-06-30,958856,436017,33.24282346415199,15.116384690056858,5471.0,27925.0,0.25426407027001907,1.2978110331365897
2016-07-31,706553,323554,32.982587993651386,15.103818504341332,3201.0,23577.0,0.20397629516344867,1.5023896004588033
2016-08-31,1291536,546086,34.79634668750168,14.712557588167147,7744.0,34198.0,0.27673944895114894,1.2220991316156238
2016-09-30,807177,312634,40.21407931446792,15.575627740135513,2436.0,12224.0,0.1676762114537445,0.8414096916299559
2016-10-31,951449,317146,43.92046346304759,14.6399852282694,1339.0,16198.0,0.08605951539302012,1.0410694774728453
2016-11-30,773676,255775,47.604971695791285,15.73806300762983,2157.0,15751.0,0.19291655486986853,1.4087290939987478
2016-12-31,1432586,403745,37.56518774910845,10.586978183343822,3449.0,27252.0,0.12123448978874476,0.9579247073710851
2017-01-31,852871,277721,43.33253734376588,14.110405446600955,1362.0,9406.0,0.09617964832992021,0.6642186286279218
2017-02-28,665286,207339,43.26500617805814,13.483709436170905,1590.0,9064.0,0.1468415219800517,0.8370890284447728
2017-03-31,793611,252409,45.56269376507062,14.491273395338157,1797.0,10210.0,0.14801087225105017,0.8409521456222716
2017-04-30,859251,285348,47.65409572403084,15.825411790804726,1981.0,11353.0,0.15965506125080592,0.9149742101869761
2017-05-31,1168329,330772,49.93285750918882,14.136763825968032,2280.0,17036.0,0.13648608201137383,1.0198144268183178
2017-06-30,923993,286810,47.37696764600318,14.705942675485822,2154.0,13592.0,0.15550101068437772,0.9812301472711522
2017-07-31,975742,275747,52.974754329768174,14.970791031000598,2474.0,15840.0,0.1916492369664575,1.2270508947246108
2017-08-31,1611741,479146,53.46627964836623,15.894708906949743,6465.0,30736.0,0.31194209891435465,1.4830398069963813
2017-09-30,847022,239036,61.30288774697836,17.300137511760873,1394.0,9865.0,0.15794244278268751,1.1177203716292772
2017-10-31,987347,271155,57.244144248608535,15.720953153988868,2080.0,11180.0,0.18355100600070595,0.9865866572537946
2017-11-30,1157795,292998,59.343669912865195,15.01783700666325,2879.0,15287.0,0.22017436524931172,1.1690884062404405
2017-12-31,763335,215946,54.42673796791444,15.397219251336898,2003.0,11395.0,0.23312383612662943,1.326233705772812
2018-01-31,787617,257003,55.85936170212766,18.227163120567376,1143.0,12265.0,0.13001933795927653,1.3951768854510294
2018-02-28,736921,242075,57.08140975987607,18.75096824167312,1178.0,13581.0,0.1450381679389313,1.6721250923417876
2018-03-31,1001330,280302,57.91717276881254,16.21273642200243,2308.0,19258.0,0.20281195079086117,1.6922671353251317
2018-04-30,906155,267995,63.67025014052839,18.830452501405283,1681.0,11375.0,0.19279733914439728,1.3046220896891845
2018-05-31,1233364,317234,53.2172937521574,13.688039351052813,1435.0,18669.0,0.09478829513177885,1.2331726005680692
2018-06-30,1133516,338133,53.26672932330827,15.88970864661654,3566.0,23606.0,0.25102069548078276,1.6616922427143461
2018-07-31,851574,235109,50.5475158781979,13.95554104588354,3003.0,10858.0,0.27963497532358694,1.011081106248254
2018-08-31,1397746,451371,48.378305413263185,15.622698324795792,6741.0,34711.0,0.36164163090128754,1.8621781115879827
2018-09-30,843534,222839,63.54305084745763,16.786365348399247,1868.0,11046.0,0.22914622178606478,1.3550049067713446
2018-10-31,11661,182009,1.0007723995880535,15.620408513559903,945.0,7827.0,0.14601359703337455,1.209363411619283
2018-11-30,17740,280324,1.0244860244860245,16.18872718872719,341.0,7787.0,0.033346371992959124,0.7614903187952279
2018-12-31,13072,203094,1.005229160258382,15.617809904644725,275.0,5009.0,0.03493838140007623,0.6363867361199339
2019-01-31,13308,211545,1.028756957328386,16.353200371057515,1660.0,13444.0,0.22350881917328666,1.8101521475696782
2019-02-28,306735,161595,30.584804068202214,16.11277295842058,1049.0,9653.0,0.1834236754677391,1.6878824969400246
2019-03-31,735565,176153,65.74588845191276,15.744815874150875,948.0,9711.0,0.16078697421981003,1.6470488466757123
2019-04-30,542832,121702,67.88794397198599,15.220360180090045,418.0,7942.0,0.09805301430917195,1.863007271874267
2019-05-31,957964,245454,54.04897314375987,13.848679756262694,716.0,15681.0,0.06687213972167741,1.4645558980106472
2019-06-30,880865,209546,65.770551780781,15.645934443365938,1711.0,17238.0,0.22281547076442246,2.244823544732387
2019-07-31,1055445,222132,59.59599096555618,12.54274421230943,3066.0,18496.0,0.2738722644037517,1.6521661456007146
2019-08-31,2017727,448237,71.71590545583793,15.931650968544517,6454.0,45819.0,0.379624727957179,2.695076760190577
2019-09-30,1083021,209654,79.00649255908958,15.294280711992997,426.0,11632.0,0.05018258923312522,1.3702438449758512
2019-10-31,793705,160061,70.9488692232055,14.307767944936087,446.0,8395.0,0.06768857186219457,1.2740931856123843
2019-11-30,164354,187336,11.599548309690169,13.221539981650082,1031.0,17189.0,0.1156867145421903,1.9287477558348294
2019-12-31,11140,171683,1.002339391758143,15.447453662047868,979.0,11631.0,0.14294057526646226,1.6982041173893998
2020-01-31,49886,169803,5.037463394930829,17.146622235686156,1030.0,19220.0,0.17688476730207797,3.3007041044135326
2020-02-29,9816,139702,1.0608451313087648,15.098022263049822,369.0,7080.0,0.06794328852881605,1.3036273246179342
2020-03-31,10314,113091,1.104400899453903,12.109540636042404,406.0,7620.0,0.07504621072088724,1.4085027726432533
2020-04-30,983,8552,1.0861878453038674,9.449723756906078,-70.0,358.0,-0.1425661914460285,0.7291242362525459
